"gene_i","gene_j","pcor_asthma","pcor_normal","delta","p_emp_lambda_as","p_emp_lambda_no","p_emp","q_fdr"
"205000_at","205001_s_at",0.0402009329514623,0.0336690386154398,0.00653189433602245,0.00497512437810945,0.00497512437810945,0.00497512437810945,0.396479142747799
"214218_s_at","230760_at",0,-0.0126001052497436,0.0126001052497436,0.00497512437810945,0.00497512437810945,0.00497512437810945,0.396479142747799
"201909_at","230760_at",0,0.0143127556168068,-0.0143127556168068,0.00497512437810945,0.00497512437810945,0.00497512437810945,0.396479142747799
"214218_s_at","224589_at",0.0461272609294229,0.0355357742296813,0.0105914866997416,0.00995024875621891,0.00497512437810945,0.00995024875621891,0.396479142747799
"214218_s_at","224590_at",0.0459152591391277,0.0348458303899416,0.0110694287491861,0.00995024875621891,0.00497512437810945,0.00995024875621891,0.396479142747799
"230760_at","244482_at",0.00365312094506096,0.0343707637431773,-0.0307176427981164,0.00497512437810945,0.00995024875621891,0.00995024875621891,0.396479142747799
"219493_at","209891_at",0.0281042372020787,0,0.0281042372020787,0.00995024875621891,0.00995024875621891,0.00995024875621891,0.396479142747799
"AFFX-HUMRGE/M10098_5_at","211074_at",0,0.0170509516477072,-0.0170509516477072,0.00497512437810945,0.00995024875621891,0.00995024875621891,0.396479142747799
"224588_at","230760_at",0,-0.0150202023861475,0.0150202023861475,0.00995024875621891,0.00497512437810945,0.00995024875621891,0.396479142747799
"227671_at","230760_at",0,-0.0139883081723226,0.0139883081723226,0.00995024875621891,0.00497512437810945,0.00995024875621891,0.396479142747799
"221728_x_at","230760_at",0,-0.0122887038046146,0.0122887038046146,0.00995024875621891,0.00497512437810945,0.00995024875621891,0.396479142747799
"224589_at","230760_at",0,-0.0129653097187896,0.0129653097187896,0.00995024875621891,0.00995024875621891,0.00995024875621891,0.396479142747799
"224590_at","230760_at",0,-0.00624411880085249,0.00624411880085249,0.00497512437810945,0.00995024875621891,0.00995024875621891,0.396479142747799
"221728_x_at","224590_at",0.0437912724897576,0.0336998364080605,0.0100914360816971,0.0149253731343284,0.0149253731343284,0.0149253731343284,0.483208955223881
"201909_at","244482_at",0,0.0164407770362564,-0.0164407770362564,0.0149253731343284,0.0149253731343284,0.0149253731343284,0.483208955223881
"224589_at","244482_at",0,-0.0141523703582458,0.0141523703582458,0.0149253731343284,0.0149253731343284,0.0149253731343284,0.483208955223881
"221728_x_at","224589_at",0.0456831759311133,0.0351315367568332,0.0105516391742802,0.0199004975124378,0.00497512437810945,0.0199004975124378,0.490878938640133
"AFFX-HUMRGE/M10098_M_at","211074_at",0,0.00567535408446261,-0.00567535408446261,0.0149253731343284,0.0199004975124378,0.0199004975124378,0.490878938640133
"221728_x_at","244482_at",0,-0.015407941578004,0.015407941578004,0.0149253731343284,0.0199004975124378,0.0199004975124378,0.490878938640133
"214218_s_at","244482_at",0,-0.0142369696691104,0.0142369696691104,0.0149253731343284,0.0199004975124378,0.0199004975124378,0.490878938640133
"224590_at","244482_at",0,-0.0117871462986107,0.0117871462986107,0.0199004975124378,0.0199004975124378,0.0199004975124378,0.490878938640133
"221728_x_at","232618_at",-0.0140882111924892,-0.0269881883145185,0.0128999771220293,0.00995024875621891,0.0248756218905473,0.0248756218905473,0.536898839137645
"201909_at","206624_at",0.0126662506953188,0.0261115195357691,-0.0134452688404503,0.0248756218905473,0.0149253731343284,0.0248756218905473,0.536898839137645
"205034_at","204444_at",0,0.0117264731003134,-0.0117264731003134,0.00995024875621891,0.0248756218905473,0.0248756218905473,0.536898839137645
"230866_at","226860_at",0.00392523447875812,0.0235818431626697,-0.0196566086839116,0.0298507462686567,0.0298507462686567,0.0298507462686567,0.594718714121699
"227671_at","244482_at",0,-0.0129771996976756,0.0129771996976756,0.0298507462686567,0.0248756218905473,0.0298507462686567,0.594718714121699
"214218_s_at","232618_at",-0.0153529444990793,-0.0257482318742766,0.0103952873751973,0.0298507462686567,0.0348258706467662,0.0348258706467662,0.62206210327672
"201909_at","232618_at",0.014400304933785,0.024335459364067,-0.00993515443028198,0.0348258706467662,0.0298507462686567,0.0348258706467662,0.62206210327672
"204409_s_at","230760_at",0.00430314827299747,0.0210092877330745,-0.0167061394600771,0.0348258706467662,0.0199004975124378,0.0348258706467662,0.62206210327672
"227671_at","232618_at",-0.0144571706510419,-0.0249569280295332,0.0104997573784914,0.0398009950248756,0.0348258706467662,0.0398009950248756,0.644278606965174
"204409_s_at","244482_at",0.0110526157517004,0.0218335580056955,-0.0107809422539951,0.0398009950248756,0.0398009950248756,0.0398009950248756,0.644278606965174
"205000_at","244482_at",0.00734229850002369,0.0197885371692356,-0.0124462386692119,0.0398009950248756,0.0398009950248756,0.0398009950248756,0.644278606965174
"227671_at","224589_at",0.0429863523422181,0.0338501683225539,0.00913618401966425,0.0447761194029851,0.0348258706467662,0.0447761194029851,0.682177348551361
"214131_at","230760_at",0,0.0167360549445864,-0.0167360549445864,0.0348258706467662,0.0447761194029851,0.0447761194029851,0.682177348551361
"227671_at","224590_at",0.0421923811292925,0.0314949938735974,0.0106973872556951,0.0497512437810945,0.0248756218905473,0.0497512437810945,0.696517412935323
"224588_at","232618_at",-0.0178563960562975,-0.0262238117936642,0.00836741573736674,0.0497512437810945,0.0398009950248756,0.0497512437810945,0.696517412935323
"218195_at","224436_s_at",0.030296469567059,0,0.030296469567059,0.0497512437810945,0.0348258706467662,0.0497512437810945,0.696517412935323
"204410_at","228492_at",0.0360179386993693,0.031958614982241,0.0040593237171283,0.0398009950248756,0.054726368159204,0.054726368159204,0.712818884301895
"218349_s_at","209891_at",0.018046841170978,0,0.018046841170978,0.054726368159204,0.0398009950248756,0.054726368159204,0.712818884301895
"221728_x_at","214131_at",-0.0125940615818803,-0.0242067920030448,0.0116127304211645,0.0597014925373134,0.0497512437810945,0.0597014925373134,0.712818884301895
"224590_at","214131_at",-0.00814354796630332,-0.0216465431885489,0.0135029952222456,0.0398009950248756,0.0597014925373134,0.0597014925373134,0.712818884301895
"214218_s_at","206624_at",-0.00903137644083078,-0.0218616218034531,0.0128302453626223,0.0597014925373134,0.0348258706467662,0.0597014925373134,0.712818884301895
"228492_at","206624_at",0.0435069985922476,0.0386617677933473,0.00484523079890024,0.0597014925373134,0.0497512437810945,0.0597014925373134,0.712818884301895
"224588_at","224589_at",0.0429518810368716,0.035480976168453,0.00747090486841864,0.0646766169154229,0.0248756218905473,0.0646766169154229,0.712818884301895
"223645_s_at","223646_s_at",0.0416701195231019,0.0366827182620519,0.00498740126104993,0.0348258706467662,0.0646766169154229,0.0646766169154229,0.712818884301895
"224589_at","214131_at",-0.0109684979148813,-0.0226775912321187,0.0117090933172374,0.0646766169154229,0.0597014925373134,0.0646766169154229,0.712818884301895
"218195_at","227278_at",0.0508799720916258,0.0289771046941323,0.0219028673974934,0.0497512437810945,0.0646766169154229,0.0646766169154229,0.712818884301895
"224590_at","232618_at",-0.0103933076538545,-0.0199716061945965,0.00957829854074198,0.0447761194029851,0.0696517412935323,0.0696517412935323,0.721592039800995
"236694_at","232618_at",0.0339401851409223,0.0268269370426232,0.00711324809829911,0.0696517412935323,0.054726368159204,0.0696517412935323,0.721592039800995
"224588_at","244482_at",-0.00267384784813156,-0.0150848410802311,0.0124109932320995,0.054726368159204,0.0696517412935323,0.0696517412935323,0.721592039800995
"236694_at","204410_at",0.0383090557651489,0.0337121233769529,0.00459693238819609,0.0746268656716418,0.054726368159204,0.0746268656716418,0.742558394468336
"AFFX-HUMRGE/M10098_5_at","AFFX-HUMRGE/M10098_3_at",0.055604800463647,0.0409787278963605,0.0146260725672864,0.0746268656716418,0.0696517412935323,0.0746268656716418,0.742558394468336
"224589_at","232618_at",-0.0132256281131009,-0.0216143453760532,0.00838871726295223,0.0597014925373134,0.0796019900497512,0.0796019900497512,0.742558394468336
"227671_at","221728_x_at",0.0471363507185783,0.0392038592549796,0.0079324914635987,0.0845771144278607,0.0646766169154229,0.0845771144278607,0.742558394468336
"214218_s_at","205001_s_at",-0.0207036340140343,-0.0284204890928853,0.007716855078851,0.0845771144278607,0.0497512437810945,0.0845771144278607,0.742558394468336
"224590_at","206624_at",-0.00114816323244096,-0.0132689806123542,0.0121208173799132,0.0696517412935323,0.0845771144278607,0.0845771144278607,0.742558394468336
"204410_at","206624_at",0.0318042160940383,0.0248085591317872,0.0069956569622511,0.0646766169154229,0.0845771144278607,0.0845771144278607,0.742558394468336
"235117_at","203967_at",0.0214199071224721,0,0.0214199071224721,0.0845771144278607,0.0497512437810945,0.0845771144278607,0.742558394468336
"221606_s_at","204444_at",0,0.0128051759582113,-0.0128051759582113,0.0796019900497512,0.0845771144278607,0.0845771144278607,0.742558394468336
"224589_at","205001_s_at",-0.0177140773109329,-0.0263663742369136,0.00865229692598063,0.0945273631840796,0.0597014925373134,0.0945273631840796,0.802707772612348
"205000_at","230760_at",0.0105101587452394,0.0216830822114418,-0.0111729234662024,0.0696517412935323,0.0945273631840796,0.0945273631840796,0.802707772612348
"214218_s_at","214131_at",-0.0130558698222545,-0.0231597812250201,0.0101039114027655,0.0995024875621891,0.0995024875621891,0.0995024875621891,0.80325644504749
"202904_s_at","204444_at",0,0.0110560456508584,-0.0110560456508584,0.0995024875621891,0.0746268656716418,0.0995024875621891,0.80325644504749
"221728_x_at","214218_s_at",0.0479465813281386,0.0407160934740986,0.00723048785404004,0.104477611940299,0.0597014925373134,0.104477611940299,0.80325644504749
"221728_x_at","205001_s_at",-0.020265078403693,-0.0285841042540172,0.00831902585032426,0.109452736318408,0.0646766169154229,0.109452736318408,0.80325644504749
"201909_at","223645_s_at",0.0255645365001237,0.0324715202520602,-0.00690698375193643,0.0398009950248756,0.109452736318408,0.109452736318408,0.80325644504749
"224588_at","223646_s_at",-0.0254808904646464,-0.0311558437194333,0.00567495325478693,0.109452736318408,0.0995024875621891,0.109452736318408,0.80325644504749
"227671_at","223646_s_at",-0.0237670523218931,-0.0306413407037779,0.00687428838188478,0.109452736318408,0.104477611940299,0.109452736318408,0.80325644504749
"224588_at","214131_at",-0.0166142317382266,-0.0252294870079405,0.00861525526971389,0.109452736318408,0.0696517412935323,0.109452736318408,0.80325644504749
"218195_at","226430_at",0.0104400260264736,0,0.0104400260264736,0.0945273631840796,0.109452736318408,0.109452736318408,0.80325644504749
"221728_x_at","206624_at",-0.0115028945199286,-0.0224191261671773,0.0109162316472488,0.114427860696517,0.0845771144278607,0.114427860696517,0.80325644504749
"223645_s_at","230760_at",0,0.00811368538892033,-0.00811368538892033,0.109452736318408,0.114427860696517,0.114427860696517,0.80325644504749
"221728_x_at","223646_s_at",-0.0255566241258822,-0.0319929250951848,0.00643630096930266,0.119402985074627,0.0945273631840796,0.119402985074627,0.80325644504749
"227671_at","214131_at",-0.0116112359205005,-0.0223647652955605,0.0107535293750599,0.119402985074627,0.0895522388059701,0.119402985074627,0.80325644504749
"227671_at","206624_at",-0.0102323591098146,-0.021804860759609,0.0115725016497944,0.119402985074627,0.0945273631840796,0.119402985074627,0.80325644504749
"208828_at","218349_s_at",0.0374713755625463,0,0.0374713755625463,0.119402985074627,0.0746268656716418,0.119402985074627,0.80325644504749
"214131_at","1570360_s_at",0,0.00707973611321988,-0.00707973611321988,0.0845771144278607,0.119402985074627,0.119402985074627,0.80325644504749
"204409_s_at","204410_at",0.0398802173837231,0.0364379510666575,0.00344226631706561,0.124378109452736,0.109452736318408,0.124378109452736,0.805348258706468
"224590_at","205001_s_at",-0.0160155126747503,-0.0245031322635969,0.00848761958884662,0.124378109452736,0.104477611940299,0.124378109452736,0.805348258706468
"221727_at","235117_at",0.0153171017065273,0,0.0153171017065273,0.124378109452736,0.104477611940299,0.124378109452736,0.805348258706468
"214218_s_at","223646_s_at",-0.0257546257922363,-0.0323273863320023,0.00657276053976598,0.129353233830846,0.0796019900497512,0.129353233830846,0.817133842980221
"219990_at","209891_at",0.021986424675286,0,0.021986424675286,0.0895522388059701,0.129353233830846,0.129353233830846,0.817133842980221
"208828_at","204240_s_at",0.0322783095496157,0.000930032518440081,0.0313482770311756,0.104477611940299,0.134328358208955,0.134328358208955,0.838338428340227
"224588_at","227671_at",0.0470230362204608,0.0404196572127238,0.00660337900773695,0.139303482587065,0.0995024875621891,0.139303482587065,0.859038142620232
"224588_at","221728_x_at",0.0467527776215706,0.0405466156460824,0.00620616197548826,0.144278606965174,0.109452736318408,0.144278606965174,0.859038142620232
"204409_s_at","205000_at",0.0402168593769287,0.0367187702354711,0.00349808914145757,0.144278606965174,0.0995024875621891,0.144278606965174,0.859038142620232
"219493_at","208828_at",0.02165905876596,0.00324742429727578,0.0184116344686842,0.144278606965174,0.109452736318408,0.144278606965174,0.859038142620232
"232618_at","1570360_s_at",0.00732925106961137,0.0198825808595163,-0.0125533297899049,0.139303482587065,0.149253731343284,0.149253731343284,0.859038142620232
"223646_s_at","230760_at",0.00383805340410093,0.015828887743005,-0.0119908343389041,0.124378109452736,0.149253731343284,0.149253731343284,0.859038142620232
"224588_at","224590_at",0.0406951660369333,0.0332374987692056,0.0074576672677277,0.159203980099502,0.054726368159204,0.159203980099502,0.859038142620232
"221728_x_at","223645_s_at",-0.0218175833598606,-0.0297081554114457,0.00789057205158508,0.159203980099502,0.124378109452736,0.159203980099502,0.859038142620232
"224589_at","206624_at",-0.00716533850466184,-0.017759123879772,0.0105937853751101,0.134328358208955,0.159203980099502,0.159203980099502,0.859038142620232
"223645_s_at","206624_at",0.0240482371929523,0.0314938003966851,-0.00744556320373276,0.124378109452736,0.159203980099502,0.159203980099502,0.859038142620232
"214131_at","244482_at",0.015133881367443,0.0274524214039974,-0.0123185400365545,0.0945273631840796,0.159203980099502,0.159203980099502,0.859038142620232
"208828_at","219990_at",0.0172072839205863,0,0.0172072839205863,0.159203980099502,0.134328358208955,0.159203980099502,0.859038142620232
"208828_at","208103_s_at",0.0238810577782107,0,0.0238810577782107,0.159203980099502,0.154228855721393,0.159203980099502,0.859038142620232
"214218_s_at","223645_s_at",-0.0228391849455053,-0.0299136773811348,0.00707449243562955,0.164179104477612,0.114427860696517,0.164179104477612,0.867803837953092
"206624_at","230760_at",0.0300814576242369,0.0199171364058133,0.0101643212184236,0.164179104477612,0.159203980099502,0.164179104477612,0.867803837953092
"201909_at","228492_at",0.02825992024029,0.0318106017083612,-0.00355068146807112,0.169154228855721,0.169154228855721,0.169154228855721,0.876218905472637
"208828_at","221606_s_at",0.0154605085597991,0,0.0154605085597991,0.164179104477612,0.169154228855721,0.169154228855721,0.876218905472637
"227671_at","205001_s_at",-0.0210374704085081,-0.0287359954319195,0.00769852502341136,0.17910447761194,0.114427860696517,0.17910447761194,0.883582089552239
"227671_at","223645_s_at",-0.0206019356385722,-0.0286290999905791,0.00802716435200691,0.17910447761194,0.139303482587065,0.17910447761194,0.883582089552239
"205001_s_at","214131_at",0.0178462107774435,0.0245915955356987,-0.00674538475825523,0.169154228855721,0.17910447761194,0.17910447761194,0.883582089552239
"219493_at","221606_s_at",0.0337713199813739,0.0199226850279308,0.0138486349534431,0.134328358208955,0.17910447761194,0.17910447761194,0.883582089552239
"218349_s_at","228033_at",0.0077614294515149,0,0.0077614294515149,0.17910447761194,0.164179104477612,0.17910447761194,0.883582089552239
"204409_s_at","236694_at",0.0335058042474486,0.0305176102929368,0.00298819395451175,0.18407960199005,0.17910447761194,0.18407960199005,0.88928596454348
"232618_at","206624_at",0.0300172957749899,0.0228983657470414,0.00711893002794852,0.18407960199005,0.18407960199005,0.18407960199005,0.88928596454348
"201909_at","223646_s_at",0.02695485312135,0.0305047592534959,-0.00354990613214584,0.194029850746269,0.18407960199005,0.194029850746269,0.88928596454348
"201909_at","214131_at",0.013786953863728,0.022352493172877,-0.00856553930914897,0.17910447761194,0.194029850746269,0.194029850746269,0.88928596454348
"206700_s_at","230760_at",0.00133314051850531,0.0122866594909102,-0.0109535189724049,0.134328358208955,0.194029850746269,0.194029850746269,0.88928596454348
"221606_s_at","218349_s_at",0.00941389262364612,0,0.00941389262364612,0.17910447761194,0.194029850746269,0.194029850746269,0.88928596454348
"236694_at","228492_at",0.0296967942425865,0.0265738839468669,0.0031229102957196,0.199004975124378,0.169154228855721,0.199004975124378,0.88928596454348
"228492_at","214131_at",0.0194496738225333,0.0255401837286129,-0.00609050990607963,0.194029850746269,0.199004975124378,0.199004975124378,0.88928596454348
"219990_at","218349_s_at",0.0286410373529572,0,0.0286410373529572,0.199004975124378,0.17910447761194,0.199004975124378,0.88928596454348
"224588_at","206624_at",-0.0144686491828282,-0.021920788479713,0.0074521392968848,0.203980099502488,0.164179104477612,0.203980099502488,0.88928596454348
"218349_s_at","204444_at",0.0294337806619767,0.0074288310437513,0.0220049496182254,0.159203980099502,0.203980099502488,0.203980099502488,0.88928596454348
"227671_at","214218_s_at",0.0467878892936132,0.0403059308272472,0.00648195846636602,0.208955223880597,0.114427860696517,0.208955223880597,0.88928596454348
"224589_at","228492_at",-0.0216884733401492,-0.0270018957357195,0.00531342239557037,0.174129353233831,0.208955223880597,0.208955223880597,0.88928596454348
"208828_at","218195_at",0.0101257266823243,0,0.0101257266823243,0.18407960199005,0.208955223880597,0.208955223880597,0.88928596454348
"224590_at","223645_s_at",-0.0209063675108549,-0.0270320516175976,0.00612568410674261,0.213930348258706,0.174129353233831,0.213930348258706,0.88928596454348
"218195_at","211137_s_at",0.00438897264481921,0,0.00438897264481921,0.199004975124378,0.213930348258706,0.213930348258706,0.88928596454348
"204444_at","209891_at",0.0292934505293028,0.013169977553518,0.0161234729757848,0.18407960199005,0.213930348258706,0.213930348258706,0.88928596454348
"224588_at","214218_s_at",0.0457914314712848,0.040626500303998,0.00516493116728679,0.218905472636816,0.164179104477612,0.218905472636816,0.88928596454348
"232618_at","223646_s_at",0.035157977384971,0.0313127785189279,0.00384519886604315,0.223880597014925,0.164179104477612,0.223880597014925,0.88928596454348
"202904_s_at","218195_at",0.0181414738120489,0.000571129244217184,0.0175703445678317,0.223880597014925,0.189054726368159,0.223880597014925,0.88928596454348
"221728_x_at","236694_at",-0.0233724724338422,-0.0295349818630228,0.00616250942918069,0.228855721393035,0.169154228855721,0.228855721393035,0.88928596454348
"224588_at","223645_s_at",-0.0224355285375078,-0.0286904442162364,0.00625491567872862,0.228855721393035,0.18407960199005,0.228855721393035,0.88928596454348
"205001_s_at","228492_at",0.0337639255434403,0.0302947781263942,0.00346914741704608,0.228855721393035,0.228855721393035,0.228855721393035,0.88928596454348
"218195_at","224604_at",0.0204606560867773,0,0.0204606560867773,0.223880597014925,0.228855721393035,0.228855721393035,0.88928596454348
"221727_at","226860_at",0.0186053496680452,0,0.0186053496680452,0.228855721393035,0.228855721393035,0.228855721393035,0.88928596454348
"227671_at","236694_at",-0.0232548354501359,-0.0303129151546267,0.00705807970449086,0.233830845771144,0.189054726368159,0.233830845771144,0.88928596454348
"AFFX-HUMRGE/M10098_5_at","AFFX-HUMRGE/M10098_M_at",0.0593455155470551,0.0630479824975958,-0.00370246695054074,0.208955223880597,0.233830845771144,0.233830845771144,0.88928596454348
"224590_at","228492_at",-0.0194280832637587,-0.0251561743003994,0.00572809103664072,0.194029850746269,0.233830845771144,0.233830845771144,0.88928596454348
"219990_at","204240_s_at",0.00152517237331484,0,0.00152517237331484,0.174129353233831,0.233830845771144,0.233830845771144,0.88928596454348
"214218_s_at","236694_at",-0.0238042483079599,-0.0298200966999764,0.00601584839201644,0.238805970149254,0.208955223880597,0.238805970149254,0.88928596454348
"205001_s_at","232618_at",0.0251833284681964,0.0297798848149975,-0.00459655634680103,0.238805970149254,0.223880597014925,0.238805970149254,0.88928596454348
"208828_at","204444_at",0.0227287172545141,0.00548779344254699,0.0172409238119671,0.223880597014925,0.238805970149254,0.238805970149254,0.88928596454348
"203967_at","226860_at",0.0188608163791412,0.00429597908146704,0.0145648372976742,0.238805970149254,0.233830845771144,0.238805970149254,0.88928596454348
"214218_s_at","206700_s_at",-0.0238033802758119,-0.0312731666186355,0.00746978634282356,0.243781094527363,0.223880597014925,0.243781094527363,0.88928596454348
"204409_s_at","206700_s_at",0.0361762970131452,0.0331128007640487,0.0030634962490965,0.243781094527363,0.228855721393035,0.243781094527363,0.88928596454348
"204409_s_at","232618_at",0.0267787256243962,0.0301869553186179,-0.00340822969422167,0.218905472636816,0.243781094527363,0.243781094527363,0.88928596454348
"205001_s_at","230760_at",0.00890055861624139,0.0183040018188767,-0.00940344320263535,0.223880597014925,0.243781094527363,0.243781094527363,0.88928596454348
"204240_s_at","204444_at",0.0173113863196216,0,0.0173113863196216,0.189054726368159,0.248756218905473,0.248756218905473,0.900224902882846
"221728_x_at","206700_s_at",-0.0233897320106955,-0.0315895493202918,0.00819981730959631,0.253731343283582,0.208955223880597,0.253731343283582,0.900224902882846
"218195_at","204240_s_at",0.00912610499381231,0,0.00912610499381231,0.253731343283582,0.248756218905473,0.253731343283582,0.900224902882846
"218195_at","219017_at",0.0149364731183203,0,0.0149364731183203,0.253731343283582,0.213930348258706,0.253731343283582,0.900224902882846
"236203_at","212999_x_at",0.0498505921321346,0.043009456801976,0.00684113533015856,0.258706467661692,0.253731343283582,0.258706467661692,0.910580431177446
"224589_at","223646_s_at",-0.0250650767364569,-0.0294522023530385,0.00438712561658165,0.263681592039801,0.174129353233831,0.263681592039801,0.910580431177446
"219493_at","218349_s_at",0.0271318719427804,0,0.0271318719427804,0.218905472636816,0.263681592039801,0.263681592039801,0.910580431177446
"234764_x_at","215946_x_at",0,0.00159815193185444,-0.00159815193185444,0.199004975124378,0.263681592039801,0.263681592039801,0.910580431177446
"214218_s_at","228492_at",-0.0234384325065178,-0.0283295489785977,0.00489111647207994,0.203980099502488,0.26865671641791,0.26865671641791,0.915553809897879
"219493_at","204444_at",0.0245484774003038,0.0360961179720862,-0.0115476405717824,0.213930348258706,0.26865671641791,0.26865671641791,0.915553809897879
"218349_s_at","204240_s_at",0.0210798037973767,0,0.0210798037973767,0.223880597014925,0.27363184079602,0.27363184079602,0.925117999744866
"224590_at","223646_s_at",-0.0232204923180314,-0.0281403115390468,0.00491981922101539,0.278606965174129,0.203980099502488,0.278606965174129,0.925117999744866
"205000_at","214131_at",0.0196359721510897,0.025270306659863,-0.00563433450877334,0.278606965174129,0.199004975124378,0.278606965174129,0.925117999744866
"203967_at","218349_s_at",0.0164840754008699,0,0.0164840754008699,0.238805970149254,0.278606965174129,0.278606965174129,0.925117999744866
"224589_at","223645_s_at",-0.0222700412258717,-0.0275654135375835,0.00529537231171179,0.283582089552239,0.223880597014925,0.283582089552239,0.928401470906338
"204409_s_at","205001_s_at",0.0348580745774208,0.0318864585697907,0.00297161600763014,0.288557213930348,0.238805970149254,0.288557213930348,0.928401470906338
"205000_at","232618_at",0.0226722145592956,0.0269704676470177,-0.0042982530877221,0.278606965174129,0.288557213930348,0.288557213930348,0.928401470906338
"219493_at","219990_at",0.0293831711224601,0.0166312154393534,0.0127519556831067,0.218905472636816,0.288557213930348,0.288557213930348,0.928401470906338
"208828_at","222848_at",0.00285053049502936,0,0.00285053049502936,0.243781094527363,0.288557213930348,0.288557213930348,0.928401470906338
"206700_s_at","204410_at",0.0381002564338675,0.0352064494783123,0.00289380695555524,0.298507462686567,0.288557213930348,0.298507462686567,0.942846741900255
"205000_at","223646_s_at",0.0300297688884766,0.0333119896685229,-0.00328222078004631,0.298507462686567,0.233830845771144,0.298507462686567,0.942846741900255
"223645_s_at","1570360_s_at",0.0189443015142868,0.0251712437630964,-0.00622694224880964,0.298507462686567,0.248756218905473,0.298507462686567,0.942846741900255
"205001_s_at","223646_s_at",0.0274073385249181,0.031036955986089,-0.00362961746117095,0.303482587064677,0.308457711442786,0.308457711442786,0.955048287971905
"221727_at","212205_at",0.00194800974886477,0,0.00194800974886477,0.308457711442786,0.303482587064677,0.308457711442786,0.955048287971905
"223645_s_at","228492_at",0.0292270974257091,0.0320996517709291,-0.00287255434522001,0.313432835820896,0.308457711442786,0.313432835820896,0.955048287971905
"205000_at","1570360_s_at",0.0273833954719204,0.0218369750107746,0.00554642046114582,0.313432835820896,0.248756218905473,0.313432835820896,0.955048287971905
"228729_at","204444_at",0.0228376106961786,0.00377823753357963,0.019059373162599,0.288557213930348,0.313432835820896,0.313432835820896,0.955048287971905
"219990_at","226860_at",0.0122750283277909,0,0.0122750283277909,0.313432835820896,0.308457711442786,0.313432835820896,0.955048287971905
"221728_x_at","204410_at",-0.0266652305327784,-0.0317178500791074,0.00505261954632897,0.323383084577114,0.293532338308458,0.323383084577114,0.968279987346505
"208828_at","204759_at",0.000937871238257292,0,0.000937871238257292,0.313432835820896,0.323383084577114,0.323383084577114,0.968279987346505
"208828_at","228729_at",0.00637419279941248,0,0.00637419279941248,0.233830845771144,0.323383084577114,0.323383084577114,0.968279987346505
"209480_at","212999_x_at",0.0524289713830369,0.0483389142443387,0.00409005713869821,0.328358208955224,0.308457711442786,0.328358208955224,0.970037453183521
"206700_s_at","244482_at",0.00501037454601419,0.0124802971584854,-0.00746992261247119,0.248756218905473,0.333333333333333,0.333333333333333,0.970037453183521
"218195_at","211727_s_at",0.00669984209495963,0,0.00669984209495963,0.333333333333333,0.318407960199005,0.333333333333333,0.970037453183521
"218195_at","222848_at",0.0210315904592619,0,0.0210315904592619,0.333333333333333,0.313432835820896,0.333333333333333,0.970037453183521
"213689_x_at","226860_at",0.0116149711215887,0,0.0116149711215887,0.333333333333333,0.293532338308458,0.333333333333333,0.970037453183521
"218349_s_at","226860_at",0.0232828323462076,0,0.0232828323462076,0.338308457711443,0.283582089552239,0.338308457711443,0.979015536840935
"201909_at","206700_s_at",0.0259659604622141,0.0305103086923128,-0.00454434823009865,0.343283582089552,0.338308457711443,0.343283582089552,0.987893864013267
"224589_at","224590_at",0.0488084981361978,0.0444967759488804,0.00431172218731743,0.348258706467662,0.338308457711443,0.348258706467662,0.991197856869499
"205000_at","228492_at",0.0352390487870596,0.0331149675423455,0.0021240812447141,0.333333333333333,0.348258706467662,0.348258706467662,0.991197856869499
"213831_at","209480_at",0.064172416802359,0.0687345488147307,-0.00456213201237171,0.353233830845771,0.308457711442786,0.353233830845771,0.992257961529252
"205000_at","223645_s_at",0.0291279829731881,0.0317004735614477,-0.00257249058825959,0.353233830845771,0.348258706467662,0.353233830845771,0.992257961529252
"212205_at","228729_at",0.0225145161338146,0,0.0225145161338146,0.358208955223881,0.338308457711443,0.358208955223881,0.992257961529252
"218195_at","1558956_s_at",0.0175983504128526,0,0.0175983504128526,0.353233830845771,0.358208955223881,0.358208955223881,0.992257961529252
"1570360_s_at","230760_at",0,0.00552171406415415,-0.00552171406415415,0.348258706467662,0.358208955223881,0.358208955223881,0.992257961529252
"224589_at","204410_at",-0.0246754671082429,-0.0289951160727431,0.00431964896450023,0.353233830845771,0.36318407960199,0.36318407960199,0.995393403353602
"206624_at","244482_at",0.0267547912807141,0.0203158451251075,0.00643894615560656,0.36318407960199,0.338308457711443,0.36318407960199,0.995393403353602
"201909_at","224590_at",-0.0374449296534729,-0.0322849974277714,-0.0051599322257015,0.333333333333333,0.368159203980099,0.368159203980099,0.995986252313313
"236694_at","206624_at",0.0274660441530802,0.0235275262928161,0.00393851786026409,0.373134328358209,0.318407960199005,0.373134328358209,0.995986252313313
"228729_at","218349_s_at",0.00455419892783883,0,0.00455419892783883,0.343283582089552,0.373134328358209,0.373134328358209,0.995986252313313
"203967_at","204444_at",0.010891664452154,0,0.010891664452154,0.293532338308458,0.373134328358209,0.373134328358209,0.995986252313313
"221728_x_at","228492_at",-0.0248511249086995,-0.0288700666161976,0.0040189417074981,0.313432835820896,0.378109452736318,0.378109452736318,0.995986252313313
"205001_s_at","1570360_s_at",0.0366966461890402,0.0331173453717525,0.00357930081728768,0.378109452736318,0.303482587064677,0.378109452736318,0.995986252313313
"227671_at","206700_s_at",-0.0231791733187551,-0.0301490753593376,0.00696990204058249,0.383084577114428,0.318407960199005,0.383084577114428,0.995986252313313
"204410_at","205001_s_at",0.0346000008632698,0.0321826731996488,0.00241732766362106,0.383084577114428,0.373134328358209,0.383084577114428,0.995986252313313
"236694_at","223645_s_at",0.0354112955871563,0.0322727985362847,0.00313849705087155,0.383084577114428,0.343283582089552,0.383084577114428,0.995986252313313
"235117_at","218349_s_at",0.0187045830136052,0,0.0187045830136052,0.368159203980099,0.383084577114428,0.383084577114428,0.995986252313313
"204409_s_at","223645_s_at",0.028812279814927,0.0311606303798396,-0.00234835056491268,0.388059701492537,0.348258706467662,0.388059701492537,0.995986252313313
"204410_at","244482_at",0.0201807273915956,0.023674294505716,-0.00349356711412034,0.388059701492537,0.348258706467662,0.388059701492537,0.995986252313313
"224590_at","206700_s_at",-0.0171387255993248,-0.0238032391787964,0.00666451357947163,0.343283582089552,0.393034825870647,0.393034825870647,0.995986252313313
"224590_at","204410_at",-0.0220252119216782,-0.0272717798055812,0.00524656788390305,0.348258706467662,0.398009950248756,0.398009950248756,0.995986252313313
"219493_at","203967_at",0.0102379023967198,0,0.0102379023967198,0.293532338308458,0.398009950248756,0.398009950248756,0.995986252313313
"219493_at","218195_at",0.00636743727608743,0,0.00636743727608743,0.398009950248756,0.373134328358209,0.398009950248756,0.995986252313313
"203967_at","219990_at",0.0116882005398851,0,0.0116882005398851,0.348258706467662,0.398009950248756,0.398009950248756,0.995986252313313
"209025_s_at","218349_s_at",0.0212528261583215,0,0.0212528261583215,0.398009950248756,0.393034825870647,0.398009950248756,0.995986252313313
"206700_s_at","223645_s_at",0.0366073514090593,0.0337748359333906,0.00283251547566869,0.402985074626866,0.348258706467662,0.402985074626866,1
"209480_at","236203_at",0.0471675432378169,0.04170527710309,0.00546226613472689,0.36318407960199,0.422885572139304,0.422885572139304,1
"217022_s_at","215118_s_at",0.0366457258469082,0.029748734116255,0.00689699173065319,0.422885572139304,0.393034825870647,0.422885572139304,1
"208828_at","228033_at",0.00937261459283235,0,0.00937261459283235,0.333333333333333,0.422885572139304,0.422885572139304,1
"224588_at","205001_s_at",-0.024096668550864,-0.0282061696858896,0.0041095011350256,0.427860696517413,0.288557213930348,0.427860696517413,1
"204409_s_at","223646_s_at",0.0294496925038686,0.0313303203918172,-0.00188062788794859,0.402985074626866,0.427860696517413,0.427860696517413,1
"227671_at","228492_at",-0.0238491752628039,-0.0272570605371359,0.00340788527433196,0.373134328358209,0.427860696517413,0.427860696517413,1
"208828_at","212205_at",0.022900466429193,0,0.022900466429193,0.427860696517413,0.422885572139304,0.427860696517413,1
"224436_s_at","212205_at",3.85833600358593e-05,0,3.85833600358593e-05,0.417910447761194,0.427860696517413,0.427860696517413,1
"221728_x_at","205000_at",-0.0296263580472181,-0.033550326762057,0.00392396871483887,0.432835820895522,0.412935323383085,0.432835820895522,1
"224588_at","228492_at",-0.026068122060819,-0.0287805275913277,0.00271240553050872,0.417910447761194,0.45273631840796,0.45273631840796,1
"212205_at","204240_s_at",0.013733306517832,0,0.013733306517832,0.378109452736318,0.45771144278607,0.45771144278607,1
"212205_at","226860_at",0.010934742876385,0,0.010934742876385,0.45771144278607,0.442786069651741,0.45771144278607,1
"204409_s_at","228492_at",0.0329632224133987,0.0312651024383674,0.00169811997503128,0.462686567164179,0.442786069651741,0.462686567164179,1
"236694_at","244482_at",0.00689376811714899,0.0121423226969473,-0.00524855457979831,0.45273631840796,0.467661691542289,0.467661691542289,1
"204759_at","226860_at",0.0147457023829551,0,0.0147457023829551,0.407960199004975,0.467661691542289,0.467661691542289,1
"213831_at","236203_at",0.0363362118419829,0.0289871215335411,0.00734909030844179,0.407960199004975,0.472636815920398,0.472636815920398,1
"204410_at","1570360_s_at",0.0231226862454224,0.0185889107012553,0.00453377554416716,0.472636815920398,0.383084577114428,0.472636815920398,1
"219493_at","202904_s_at",0.0383536955698804,0.0324127619488697,0.00594093362101068,0.477611940298507,0.402985074626866,0.477611940298507,1
"218195_at","208103_s_at",0.00102648458985868,0,0.00102648458985868,0.477611940298507,0.417910447761194,0.477611940298507,1
"208103_s_at","204444_at",0.0104902602829771,0.0228439659282579,-0.0123537056452807,0.482587064676617,0.447761194029851,0.482587064676617,1
"214218_s_at","205000_at",-0.0293724448233783,-0.0329114434650421,0.00353899864166382,0.487562189054726,0.462686567164179,0.487562189054726,1
"205000_at","206700_s_at",0.0372260265642931,0.0350663645366273,0.00215966202766583,0.492537313432836,0.422885572139304,0.492537313432836,1
"206700_s_at","232618_at",0.0279263290639388,0.0249691270344657,0.00295720202947309,0.447761194029851,0.492537313432836,0.492537313432836,1
"204409_s_at","206624_at",0.021980377721279,0.0245909103868877,-0.00261053266560863,0.45771144278607,0.497512437810945,0.497512437810945,1
"221728_x_at","1570360_s_at",-0.00903161055877112,-0.0137152451459787,0.00468363458720757,0.497512437810945,0.45273631840796,0.497512437810945,1
"212205_at","218349_s_at",0.0174778243456909,0,0.0174778243456909,0.447761194029851,0.497512437810945,0.497512437810945,1
"218195_at","221606_s_at",0.00838625914187822,0,0.00838625914187822,0.502487562189055,0.437810945273632,0.502487562189055,1
"218349_s_at","208103_s_at",0.0145976515425571,0,0.0145976515425571,0.467661691542289,0.502487562189055,0.502487562189055,1
"216044_x_at","226860_at",0.0125703625176185,0,0.0125703625176185,0.487562189054726,0.502487562189055,0.502487562189055,1
"205001_s_at","206624_at",0.0330511254158094,0.0306859910905752,0.00236513432523423,0.507462686567164,0.497512437810945,0.507462686567164,1
"224588_at","206700_s_at",-0.0266838002640857,-0.0310171243794809,0.00433332411539524,0.512437810945274,0.442786069651741,0.512437810945274,1
"204410_at","230760_at",0.0195249843344953,0.0238044891393199,-0.00427950480482461,0.482587064676617,0.512437810945274,0.512437810945274,1
"224590_at","236694_at",-0.0186445505032866,-0.0228485732407544,0.00420402273746782,0.517412935323383,0.502487562189055,0.517412935323383,1
"201909_at","204409_s_at",0.0392982798787398,0.037202545441378,0.00209573443736186,0.522388059701492,0.422885572139304,0.522388059701492,1
"205000_at","236694_at",0.0362314373420632,0.0345867334864307,0.00164470385563251,0.507462686567164,0.522388059701492,0.522388059701492,1
"218195_at","212205_at",0.0145757227925946,0,0.0145757227925946,0.522388059701492,0.517412935323383,0.522388059701492,1
"209025_s_at","204444_at",0.00900571146019544,0.0206633700685375,-0.0116576586083421,0.522388059701492,0.45771144278607,0.522388059701492,1
"206700_s_at","205001_s_at",0.0325815423138387,0.0306146680007796,0.00196687431305912,0.507462686567164,0.527363184079602,0.527363184079602,1
"214218_s_at","204410_at",-0.027113478053708,-0.0306736139972187,0.00356013594351071,0.532338308457711,0.532338308457711,0.532338308457711,1
"228492_at","244482_at",0.0253091659945539,0.0278501934788087,-0.00254102748425473,0.512437810945274,0.532338308457711,0.532338308457711,1
"228551_at","226860_at",0,0.00518116975875283,-0.00518116975875283,0.532338308457711,0.442786069651741,0.532338308457711,1
"205001_s_at","244482_at",0.0155641789578343,0.0191407754640115,-0.00357659650617722,0.54228855721393,0.517412935323383,0.54228855721393,1
"218195_at","228033_at",0.000919240056629688,0,0.000919240056629688,0.54228855721393,0.527363184079602,0.54228855721393,1
"223646_s_at","1570360_s_at",0.0160006003400622,0.0208723474506704,-0.00487174711060815,0.552238805970149,0.507462686567164,0.552238805970149,1
"223645_s_at","244482_at",0.0129238624498865,0.0172934588680631,-0.00436959641817657,0.532338308457711,0.557213930348259,0.557213930348259,1
"219493_at","218100_s_at",0.0102794618874547,0,0.0102794618874547,0.557213930348259,0.497512437810945,0.557213930348259,1
"235117_at","204444_at",0.00152040547402943,0.0101546005936102,-0.00863419511958076,0.557213930348259,0.522388059701492,0.557213930348259,1
"228492_at","230760_at",0.0267210763403095,0.024105049709665,0.00261602663064456,0.557213930348259,0.562189054726368,0.562189054726368,1
"224589_at","206700_s_at",-0.0217476365450588,-0.0255740629179689,0.00382642637291017,0.522388059701492,0.567164179104478,0.567164179104478,1
"235117_at","221606_s_at",0.0031815826727668,0.0148038455648741,-0.0116222628921073,0.54228855721393,0.567164179104478,0.567164179104478,1
"218195_at","200864_s_at",0.00644244761033298,0,0.00644244761033298,0.54726368159204,0.567164179104478,0.567164179104478,1
"204410_at","232618_at",0.0325837161374206,0.0309160104731177,0.00166770566430292,0.572139303482587,0.492537313432836,0.572139303482587,1
"232618_at","228492_at",0.0315393529990481,0.0296933053379066,0.00184604766114149,0.572139303482587,0.567164179104478,0.572139303482587,1
"227671_at","1570360_s_at",-0.00914729301900611,-0.0134763792602457,0.00432908624123955,0.572139303482587,0.447761194029851,0.572139303482587,1
"205000_at","204410_at",0.0378792474906893,0.0361264255545058,0.00175282193618351,0.577114427860697,0.517412935323383,0.577114427860697,1
"206700_s_at","236694_at",0.0421852170630778,0.0404468124304143,0.00173840463266353,0.567164179104478,0.582089552238806,0.582089552238806,1
"219493_at","228033_at",0.00459433236307033,0,0.00459433236307033,0.582089552238806,0.557213930348259,0.582089552238806,1
"224589_at","236694_at",-0.0214194891548535,-0.023954545273975,0.00253505611912149,0.587064676616915,0.537313432835821,0.587064676616915,1
"223646_s_at","244482_at",0.0168029651019976,0.0199926900008884,-0.00318972489889074,0.567164179104478,0.587064676616915,0.587064676616915,1
"204444_at","228033_at",0.0058546784775109,0,0.0058546784775109,0.577114427860697,0.587064676616915,0.587064676616915,1
"221727_at","208828_at",0.0065960231651529,0,0.0065960231651529,0.552238805970149,0.592039800995025,0.592039800995025,1
"205034_at","235117_at",0.014128090665285,0.00754076379440494,0.00658732687088003,0.572139303482587,0.592039800995025,0.592039800995025,1
"234764_x_at","217179_x_at",0,0.00495061928677395,-0.00495061928677395,0.601990049751244,0.532338308457711,0.601990049751244,1
"227671_at","205000_at",-0.0304003213550296,-0.0332767934266889,0.0028764720716593,0.606965174129353,0.557213930348259,0.606965174129353,1
"222608_s_at","204444_at",0.00365013103383892,0,0.00365013103383892,0.567164179104478,0.606965174129353,0.606965174129353,1
"227671_at","204410_at",-0.0270837862942768,-0.0302818044025933,0.00319801810831647,0.611940298507463,0.54726368159204,0.611940298507463,1
"214218_s_at","1570360_s_at",-0.0105413805711088,-0.0141791270168445,0.00363774644573569,0.611940298507463,0.532338308457711,0.611940298507463,1
"201890_at","204444_at",0.00386233680291557,0.013973550747443,-0.0101112139445274,0.557213930348259,0.611940298507463,0.611940298507463,1
"208828_at","235117_at",0.0259719480806008,0.0167603024784443,0.0092116456021565,0.572139303482587,0.616915422885572,0.616915422885572,1
"219990_at","208103_s_at",0.00994283522385633,0,0.00994283522385633,0.616915422885572,0.606965174129353,0.616915422885572,1
"201909_at","224589_at",-0.0349856228482951,-0.0326135587369638,-0.00237206411133129,0.621890547263682,0.597014925373134,0.621890547263682,1
"AFFX-HUMRGE/M10098_M_at","AFFX-M27830_5_at",0.0339657440462618,0.0290422603233432,0.00492348372291858,0.621890547263682,0.606965174129353,0.621890547263682,1
"205000_at","224589_at",-0.0265364337998798,-0.0292971915537068,0.00276075775382703,0.567164179104478,0.626865671641791,0.626865671641791,1
"223646_s_at","214131_at",0.0265906495944951,0.0246245461246967,0.00196610346979836,0.616915422885572,0.626865671641791,0.626865671641791,1
"219990_at","204444_at",0.0394932182531778,0.0359777986646109,0.00351541958856684,0.631840796019901,0.592039800995025,0.631840796019901,1
"205034_at","226860_at",0.00837161226597445,0,0.00837161226597445,0.631840796019901,0.611940298507463,0.631840796019901,1
"219493_at","204759_at",0.00700172478023548,0,0.00700172478023548,0.616915422885572,0.646766169154229,0.646766169154229,1
"205000_at","224590_at",-0.0239103065190913,-0.0269708828248163,0.003060576305725,0.557213930348259,0.651741293532338,0.651741293532338,1
"206700_s_at","1570360_s_at",0.0201320073524348,0.023142493728153,-0.00301048637571819,0.592039800995025,0.651741293532338,0.651741293532338,1
"204444_at","226860_at",0.0157810672512025,0.00831748335322798,0.00746358389797457,0.572139303482587,0.656716417910448,0.656716417910448,1
"202904_s_at","212205_at",0.00989553894389994,0.0048347562041344,0.00506078273976553,0.651741293532338,0.661691542288557,0.661691542288557,1
"235117_at","212205_at",0.0119293493648595,0.00312011876179735,0.00880923060306213,0.621890547263682,0.676616915422886,0.676616915422886,1
"219493_at","208103_s_at",0.0378747563707785,0.0345969464983707,0.00327780987240781,0.676616915422886,0.651741293532338,0.676616915422886,1
"232618_at","214131_at",0.0352114578474628,0.0334845268387362,0.0017269310087266,0.681592039800995,0.681592039800995,0.681592039800995,1
"219493_at","205034_at",0.00855891483723861,0.00137093075639409,0.00718798408084451,0.681592039800995,0.686567164179104,0.686567164179104,1
"201890_at","218349_s_at",0.00278755824480093,0,0.00278755824480093,0.686567164179104,0.631840796019901,0.686567164179104,1
"218195_at","215245_x_at",0.0257611327193265,0.032145089367419,-0.00638395664809244,0.691542288557214,0.656716417910448,0.691542288557214,1
"201909_at","205000_at",0.0367777026537221,0.0355629589166271,0.001214743737095,0.701492537313433,0.661691542288557,0.701492537313433,1
"223646_s_at","206624_at",0.0271226150010473,0.0287329398188826,-0.00161032481783524,0.681592039800995,0.701492537313433,0.701492537313433,1
"213831_at","212999_x_at",0.0346285791172481,0.0382258697677189,-0.00359729065047078,0.701492537313433,0.691542288557214,0.701492537313433,1
"204410_at","214131_at",0.0259941908864748,0.0279933880572954,-0.00199919717082067,0.706467661691542,0.63681592039801,0.706467661691542,1
"208828_at","202904_s_at",0.00203439181390885,0,0.00203439181390885,0.676616915422886,0.706467661691542,0.706467661691542,1
"224588_at","201909_at",-0.0349799605979647,-0.032772815086899,-0.00220714551106566,0.711442786069652,0.63681592039801,0.711442786069652,1
"203216_s_at","218195_at",0.00571272900450986,0,0.00571272900450986,0.656716417910448,0.711442786069652,0.711442786069652,1
"219493_at","222608_s_at",0.000739895893090761,0,0.000739895893090761,0.711442786069652,0.691542288557214,0.711442786069652,1
"212205_at","228033_at",0.00681995110200592,0,0.00681995110200592,0.691542288557214,0.711442786069652,0.711442786069652,1
"224588_at","236694_at",-0.0266497279939609,-0.0284689394816034,0.00181921148764244,0.73134328358209,0.696517412935323,0.73134328358209,1
"206700_s_at","206624_at",0.028193508965844,0.0265735966488171,0.00161991231702693,0.736318407960199,0.706467661691542,0.736318407960199,1
"235117_at","226860_at",0.0175109281284778,0.0121080618691378,0.00540286625933998,0.706467661691542,0.746268656716418,0.746268656716418,1
"231747_at","226860_at",0.0187361114350103,0.0229625550665571,-0.00422644363154686,0.746268656716418,0.711442786069652,0.746268656716418,1
"236694_at","205001_s_at",0.0326015494961431,0.0317198792648927,0.00088167023125036,0.751243781094527,0.696517412935323,0.751243781094527,1
"219493_at","226860_at",0.01704421181326,0.011879254174939,0.005164957638321,0.721393034825871,0.751243781094527,0.751243781094527,1
"206700_s_at","228492_at",0.02991764656861,0.0290208865650502,0.000896760003559753,0.751243781094527,0.756218905472637,0.756218905472637,1
"212205_at","204444_at",0.0171148582132082,0.0274648365263003,-0.0103499783130921,0.756218905472637,0.751243781094527,0.756218905472637,1
"214218_s_at","201909_at",-0.0351552599325798,-0.0329077446345787,-0.00224751529800105,0.761194029850746,0.741293532338308,0.761194029850746,1
"224588_at","1570360_s_at",-0.0123283710977538,-0.0140381549902013,0.00170978389244744,0.766169154228856,0.761194029850746,0.766169154228856,1
"201909_at","236694_at",0.0260356561281868,0.0274088464947771,-0.00137319036659033,0.751243781094527,0.771144278606965,0.771144278606965,1
"218195_at","226641_at",0.0180268106826625,0.0256200980056517,-0.00759328732298927,0.771144278606965,0.721393034825871,0.771144278606965,1
"221728_x_at","204409_s_at",-0.0319640106565558,-0.0336224081283021,0.00165839747174634,0.781094527363184,0.756218905472637,0.781094527363184,1
"219990_at","212205_at",0.00970769840526097,0,0.00970769840526097,0.781094527363184,0.771144278606965,0.781094527363184,1
"208828_at","209025_s_at",0.0217666650197879,0.0269352470841906,-0.00516858206440272,0.751243781094527,0.786069651741294,0.786069651741294,1
"234764_x_at","217227_x_at",0.0481247710408083,0.0455629690820906,0.00256180195871766,0.746268656716418,0.800995024875622,0.800995024875622,1
"204410_at","223646_s_at",0.030675941048734,0.0312675898119474,-0.000591648763213316,0.786069651741294,0.805970149253731,0.805970149253731,1
"219493_at","209025_s_at",0.0271010418773624,0.0297708573772002,-0.00266981549983773,0.81592039800995,0.771144278606965,0.81592039800995,1
"222608_s_at","219990_at",0.0120640292751501,0.00753575190695205,0.00452827736819807,0.746268656716418,0.82089552238806,0.82089552238806,1
"227671_at","201909_at",-0.0347128949640105,-0.0329593309724045,-0.00175356399160597,0.825870646766169,0.716417910447761,0.825870646766169,1
"214131_at","206624_at",0.0102925126687894,0.0119369160046604,-0.00164440333587097,0.825870646766169,0.81592039800995,0.825870646766169,1
"219493_at","235117_at",0.0181590539989866,0.0211945953507497,-0.00303554135176312,0.825870646766169,0.830845771144279,0.830845771144279,1
"206624_at","1570360_s_at",0.0254308484542877,0.0267487743416685,-0.00131792588738085,0.835820895522388,0.825870646766169,0.835820895522388,1
"204409_s_at","224589_at",-0.0295491840886574,-0.0305871594784071,0.00103797538974973,0.845771144278607,0.825870646766169,0.845771144278607,1
"205034_at","219990_at",0.0184143640705435,0.0149924370578377,0.00342192701270575,0.850746268656716,0.796019900497512,0.850746268656716,1
"236641_at","204444_at",0.00197189218441783,0,0.00197189218441783,0.82089552238806,0.850746268656716,0.850746268656716,1
"209025_s_at","226860_at",0.0157945315944963,0.0196938565571474,-0.00389932496265112,0.791044776119403,0.850746268656716,0.850746268656716,1
"221728_x_at","201909_at",-0.0346107673960138,-0.0333765742934154,-0.00123419310259847,0.855721393034826,0.805970149253731,0.855721393034826,1
"227671_at","204409_s_at",-0.032500989042266,-0.033424864214291,0.000923875172024941,0.860696517412935,0.860696517412935,0.860696517412935,1
"224588_at","204409_s_at",-0.0346427333578017,-0.0338157441007477,-0.000826989257054003,0.840796019900497,0.865671641791045,0.865671641791045,1
"204409_s_at","214131_at",0.0256120436289173,0.0265461961135706,-0.000934152484653252,0.865671641791045,0.835820895522388,0.865671641791045,1
"AFFX-HUMRGE/M10098_5_at","AFFX-M27830_5_at",0.00515708843525642,0.00772265357118496,-0.00256556513592854,0.865671641791045,0.830845771144279,0.865671641791045,1
"235117_at","209025_s_at",0.0212847990300541,0.0181221078168209,0.0031626912132332,0.835820895522388,0.865671641791045,0.865671641791045,1
"219990_at","228729_at",0.0202036287791813,0.0227956656821311,-0.0025920369029498,0.870646766169154,0.860696517412935,0.870646766169154,1
"214218_s_at","204409_s_at",-0.0323741017280161,-0.033220414812466,0.000846313084449976,0.81592039800995,0.875621890547264,0.875621890547264,1
"236694_at","230760_at",0.0154345564067405,0.0145475959270976,0.000886960479642821,0.875621890547264,0.860696517412935,0.875621890547264,1
"228092_at","219493_at",0.00306339060839351,0.00583058851232999,-0.00276719790393648,0.875621890547264,0.855721393034826,0.875621890547264,1
"204409_s_at","224590_at",-0.0279892675917253,-0.0287998256463901,0.00081055805466481,0.875621890547264,0.880597014925373,0.880597014925373,1
"204410_at","223645_s_at",0.0292006273237157,0.0297383661697252,-0.000537738846009505,0.880597014925373,0.860696517412935,0.880597014925373,1
"208828_at","203967_at",0.0101948477868237,0.00834971260891586,0.00184513517790783,0.865671641791045,0.880597014925373,0.880597014925373,1
"204409_s_at","1570360_s_at",0.0143603800747279,0.0153311667044587,-0.000970786629730842,0.885572139303483,0.855721393034826,0.885572139303483,1
"201909_at","205001_s_at",0.0299134993926849,0.0303806280200158,-0.000467128627330896,0.890547263681592,0.875621890547264,0.890547263681592,1
"235117_at","219990_at",0.0060906224694726,0.00393768585930971,0.00215293661016289,0.895522388059702,0.840796019900497,0.895522388059702,1
"224588_at","204410_at",-0.0298255752134788,-0.0306938878163528,0.00086831260287399,0.900497512437811,0.835820895522388,0.900497512437811,1
"206700_s_at","223646_s_at",0.0334498858853632,0.0338213095252471,-0.000371423639883912,0.90547263681592,0.885572139303483,0.90547263681592,1
"235117_at","202904_s_at",0.00784518432039023,0.0101330366336133,-0.00228785231322305,0.870646766169154,0.90547263681592,0.90547263681592,1
"208828_at","226860_at",0.027531821708939,0.0261156986023061,0.00141612310663286,0.900497512437811,0.90547263681592,0.90547263681592,1
"224588_at","205000_at",-0.0324374651529375,-0.0331479501546051,0.000710485001667628,0.91044776119403,0.845771144278607,0.91044776119403,1
"228492_at","1570360_s_at",0.0187752812249438,0.0199054268768513,-0.00113014565190759,0.91044776119403,0.845771144278607,0.91044776119403,1
"219493_at","222848_at",0.00577954388101192,0.00836198406158703,-0.00258244018057511,0.91044776119403,0.880597014925373,0.91044776119403,1
"212205_at","209025_s_at",0.00268019073664675,0,0.00268019073664675,0.791044776119403,0.915422885572139,0.915422885572139,1
"201890_at","219493_at",0.00715489971283967,0.00964153861632017,-0.0024866389034805,0.890547263681592,0.920398009950249,0.920398009950249,1
"232618_at","223645_s_at",0.0320130059759577,0.0314301219954994,0.000582883980458276,0.925373134328358,0.900497512437811,0.925373134328358,1
"223645_s_at","214131_at",0.0233827516816892,0.0229234792638525,0.000459272417836679,0.925373134328358,0.900497512437811,0.925373134328358,1
"224589_at","1570360_s_at",-0.00826743495555967,-0.00910696965947451,0.000839534703914837,0.925373134328358,0.900497512437811,0.925373134328358,1
"236694_at","1570360_s_at",0.0266105768429553,0.0269611078655016,-0.00035053102254631,0.925373134328358,0.925373134328358,0.925373134328358,1
"219493_at","212205_at",0.00759022669314868,0.0116868519783061,-0.00409662528515744,0.925373134328358,0.870646766169154,0.925373134328358,1
"232618_at","230760_at",0.0214797006292293,0.0207388822014246,0.000740818427804747,0.91044776119403,0.930348258706468,0.930348258706468,1
"232618_at","244482_at",0.0338779418985195,0.034429156666144,-0.000551214767624437,0.930348258706468,0.930348258706468,0.930348258706468,1
"205001_s_at","223645_s_at",0.0312516504039642,0.0316075480334587,-0.000355897629494548,0.925373134328358,0.935323383084577,0.935323383084577,1
"205000_at","206624_at",0.0296608010602951,0.0300627900787535,-0.000401989018458431,0.880597014925373,0.935323383084577,0.935323383084577,1
"212205_at","226641_at",0.00556370077810376,0.00416706863795387,0.00139663214014989,0.945273631840796,0.940298507462687,0.945273631840796,1
"201909_at","204410_at",0.0321855958853281,0.0325054314835564,-0.000319835598228332,0.950248756218905,0.925373134328358,0.950248756218905,1
"206700_s_at","214131_at",0.0274476137996064,0.0271981177144874,0.000249496085118997,0.955223880597015,0.955223880597015,0.955223880597015,1
"AFFX-HUMRGE/M10098_M_at","AFFX-HUMRGE/M10098_3_at",0.0520960088044457,0.0516472402573607,0.000448768547085039,0.940298507462687,0.960199004975124,0.960199004975124,1
"224590_at","1570360_s_at",-0.00649740013903077,-0.00595056000709095,-0.000546840131939825,0.970149253731343,0.940298507462687,0.970149253731343,1
"236694_at","223646_s_at",0.0323991876161541,0.0325115392109436,-0.000112351594789478,0.975124378109453,0.935323383084577,0.975124378109453,1
"236694_at","214131_at",0.028746449569489,0.0287082630203341,3.81865491549081e-05,0.985074626865672,0.990049751243781,0.990049751243781,1
"208103_s_at","226860_at",0.00116429698913129,0.00133610032422447,-0.000171803335093181,0.990049751243781,0.990049751243781,0.990049751243781,1
"201909_at","1570360_s_at",0.0152488175614942,0.0151781147201322,7.07028413619963e-05,0.995024875621891,0.995024875621891,0.995024875621891,1
"224588_at","213831_at",0,0,0,1,1,1,1
"223646_s_at","228492_at",0.0324658173715109,0.0324318435011728,3.39738703381276e-05,0.985074626865672,1,1,1
"227671_at","213831_at",0,0,0,1,1,1,1
"221728_x_at","213831_at",0,0,0,1,1,1,1
"213831_at","214218_s_at",0,0,0,1,1,1,1
"213831_at","201909_at",0,0,0,1,1,1,1
"213831_at","204409_s_at",0,0,0,1,1,1,1
"213831_at","205000_at",0,0,0,1,1,1,1
"224588_at","203290_at",0,0,0,1,1,1,1
"227671_at","203290_at",0,0,0,1,1,1,1
"221728_x_at","203290_at",0,0,0,1,1,1,1
"213831_at","203290_at",0,0,0,1,1,1,1
"214218_s_at","203290_at",0,0,0,1,1,1,1
"201909_at","203290_at",0,0,0,1,1,1,1
"204409_s_at","203290_at",0,0,0,1,1,1,1
"205000_at","203290_at",0,0,0,1,1,1,1
"213831_at","224589_at",0,0,0,1,1,1,1
"203290_at","224589_at",0,0,0,1,1,1,1
"224588_at","209480_at",0,0,0,1,1,1,1
"227671_at","209480_at",0,0,0,1,1,1,1
"221728_x_at","209480_at",0,0,0,1,1,1,1
"214218_s_at","209480_at",0,0,0,1,1,1,1
"201909_at","209480_at",0,0,0,1,1,1,1
"204409_s_at","209480_at",0,0,0,1,1,1,1
"205000_at","209480_at",0,0,0,1,1,1,1
"203290_at","209480_at",0,0,0,1,1,1,1
"224589_at","209480_at",0,0,0,1,1,1,1
"213831_at","224590_at",0,0,0,1,1,1,1
"203290_at","224590_at",0,0,0,1,1,1,1
"209480_at","224590_at",0,0,0,1,1,1,1
"224588_at","AFFX-HUMRGE/M10098_5_at",0,0,0,1,1,1,1
"227671_at","AFFX-HUMRGE/M10098_5_at",0,0,0,1,1,1,1
"221728_x_at","AFFX-HUMRGE/M10098_5_at",0,0,0,1,1,1,1
"213831_at","AFFX-HUMRGE/M10098_5_at",0,0,0,1,1,1,1
"214218_s_at","AFFX-HUMRGE/M10098_5_at",0,0,0,1,1,1,1
"201909_at","AFFX-HUMRGE/M10098_5_at",0,0,0,1,1,1,1
"204409_s_at","AFFX-HUMRGE/M10098_5_at",0,0,0,1,1,1,1
"205000_at","AFFX-HUMRGE/M10098_5_at",0,0,0,1,1,1,1
"203290_at","AFFX-HUMRGE/M10098_5_at",0,0,0,1,1,1,1
"224589_at","AFFX-HUMRGE/M10098_5_at",0,0,0,1,1,1,1
"209480_at","AFFX-HUMRGE/M10098_5_at",0,0,0,1,1,1,1
"224590_at","AFFX-HUMRGE/M10098_5_at",0,0,0,1,1,1,1
"224588_at","209728_at",0,0,0,1,1,1,1
"227671_at","209728_at",0,0,0,1,1,1,1
"221728_x_at","209728_at",0,0,0,1,1,1,1
"213831_at","209728_at",0,0,0,1,1,1,1
"214218_s_at","209728_at",0,0,0,1,1,1,1
"201909_at","209728_at",0,0,0,1,1,1,1
"204409_s_at","209728_at",0,0,0,1,1,1,1
"205000_at","209728_at",0,0,0,1,1,1,1
"203290_at","209728_at",0,0,0,1,1,1,1
"224589_at","209728_at",0,0,0,1,1,1,1
"209480_at","209728_at",0,0,0,1,1,1,1
"224590_at","209728_at",0,0,0,1,1,1,1
"AFFX-HUMRGE/M10098_5_at","209728_at",0,0,0,1,1,1,1
"213831_at","206700_s_at",0,0,0,1,1,1,1
"203290_at","206700_s_at",0,0,0,1,1,1,1
"209480_at","206700_s_at",0,0,0,1,1,1,1
"AFFX-HUMRGE/M10098_5_at","206700_s_at",0,0,0,1,1,1,1
"209728_at","206700_s_at",0,0,0,1,1,1,1
"224588_at","217022_s_at",0,0,0,1,1,1,1
"227671_at","217022_s_at",0,0,0,1,1,1,1
"221728_x_at","217022_s_at",0,0,0,1,1,1,1
"213831_at","217022_s_at",0,0,0,1,1,1,1
"214218_s_at","217022_s_at",0,0,0,1,1,1,1
"201909_at","217022_s_at",0,0,0,1,1,1,1
"204409_s_at","217022_s_at",0,0,0,1,1,1,1
"205000_at","217022_s_at",0,0,0,1,1,1,1
"203290_at","217022_s_at",0,0,0,1,1,1,1
"224589_at","217022_s_at",0,0,0,1,1,1,1
"209480_at","217022_s_at",0,0,0,1,1,1,1
"224590_at","217022_s_at",0,0,0,1,1,1,1
"AFFX-HUMRGE/M10098_5_at","217022_s_at",0,0,0,1,1,1,1
"209728_at","217022_s_at",0,0,0,1,1,1,1
"206700_s_at","217022_s_at",0,0,0,1,1,1,1
"213831_at","236694_at",0,0,0,1,1,1,1
"203290_at","236694_at",0,0,0,1,1,1,1
"209480_at","236694_at",0,0,0,1,1,1,1
"AFFX-HUMRGE/M10098_5_at","236694_at",0,0,0,1,1,1,1
"209728_at","236694_at",0,0,0,1,1,1,1
"217022_s_at","236694_at",0,0,0,1,1,1,1
"213831_at","204410_at",0,0,0,1,1,1,1
"203290_at","204410_at",0,0,0,1,1,1,1
"209480_at","204410_at",0,0,0,1,1,1,1
"AFFX-HUMRGE/M10098_5_at","204410_at",0,0,0,1,1,1,1
"209728_at","204410_at",0,0,0,1,1,1,1
"217022_s_at","204410_at",0,0,0,1,1,1,1
"224588_at","236203_at",0,0,0,1,1,1,1
"227671_at","236203_at",0,0,0,1,1,1,1
"221728_x_at","236203_at",0,0,0,1,1,1,1
"214218_s_at","236203_at",0,0,0,1,1,1,1
"201909_at","236203_at",0,0,0,1,1,1,1
"204409_s_at","236203_at",0,0,0,1,1,1,1
"205000_at","236203_at",0,0,0,1,1,1,1
"203290_at","236203_at",0,0,0,1,1,1,1
"224589_at","236203_at",0,0,0,1,1,1,1
"224590_at","236203_at",0,0,0,1,1,1,1
"AFFX-HUMRGE/M10098_5_at","236203_at",0,0,0,1,1,1,1
"209728_at","236203_at",0,0,0,1,1,1,1
"206700_s_at","236203_at",0,0,0,1,1,1,1
"217022_s_at","236203_at",0,0,0,1,1,1,1
"236694_at","236203_at",0,0,0,1,1,1,1
"204410_at","236203_at",0,0,0,1,1,1,1
"224588_at","AFFX-HUMRGE/M10098_M_at",0,0,0,1,1,1,1
"227671_at","AFFX-HUMRGE/M10098_M_at",0,0,0,1,1,1,1
"221728_x_at","AFFX-HUMRGE/M10098_M_at",0,0,0,1,1,1,1
"213831_at","AFFX-HUMRGE/M10098_M_at",0,0,0,1,1,1,1
"214218_s_at","AFFX-HUMRGE/M10098_M_at",0,0,0,1,1,1,1
"201909_at","AFFX-HUMRGE/M10098_M_at",0,0,0,1,1,1,1
"204409_s_at","AFFX-HUMRGE/M10098_M_at",0,0,0,1,1,1,1
"205000_at","AFFX-HUMRGE/M10098_M_at",0,0,0,1,1,1,1
"203290_at","AFFX-HUMRGE/M10098_M_at",0,0,0,1,1,1,1
"224589_at","AFFX-HUMRGE/M10098_M_at",0,0,0,1,1,1,1
"209480_at","AFFX-HUMRGE/M10098_M_at",0,0,0,1,1,1,1
"224590_at","AFFX-HUMRGE/M10098_M_at",0,0,0,1,1,1,1
"209728_at","AFFX-HUMRGE/M10098_M_at",0,0,0,1,1,1,1
"206700_s_at","AFFX-HUMRGE/M10098_M_at",0,0,0,1,1,1,1
"217022_s_at","AFFX-HUMRGE/M10098_M_at",0,0,0,1,1,1,1
"236694_at","AFFX-HUMRGE/M10098_M_at",0,0,0,1,1,1,1
"204410_at","AFFX-HUMRGE/M10098_M_at",0,0,0,1,1,1,1
"236203_at","AFFX-HUMRGE/M10098_M_at",0,0,0,1,1,1,1
"224588_at","234764_x_at",0,0,0,1,1,1,1
"227671_at","234764_x_at",0,0,0,1,1,1,1
"221728_x_at","234764_x_at",0,0,0,1,1,1,1
"213831_at","234764_x_at",0,0,0,1,1,1,1
"214218_s_at","234764_x_at",0,0,0,1,1,1,1
"201909_at","234764_x_at",0,0,0,1,1,1,1
"204409_s_at","234764_x_at",0,0,0,1,1,1,1
"205000_at","234764_x_at",0,0,0,1,1,1,1
"203290_at","234764_x_at",0,0,0,1,1,1,1
"224589_at","234764_x_at",0,0,0,1,1,1,1
"209480_at","234764_x_at",0,0,0,1,1,1,1
"224590_at","234764_x_at",0,0,0,1,1,1,1
"AFFX-HUMRGE/M10098_5_at","234764_x_at",0,0,0,1,1,1,1
"209728_at","234764_x_at",0,0,0,1,1,1,1
"206700_s_at","234764_x_at",0,0,0,1,1,1,1
"217022_s_at","234764_x_at",0,0,0,1,1,1,1
"236694_at","234764_x_at",0,0,0,1,1,1,1
"204410_at","234764_x_at",0,0,0,1,1,1,1
"236203_at","234764_x_at",0,0,0,1,1,1,1
"AFFX-HUMRGE/M10098_M_at","234764_x_at",0,0,0,1,1,1,1
"224588_at","207076_s_at",0,0,0,1,1,1,1
"227671_at","207076_s_at",0,0,0,1,1,1,1
"221728_x_at","207076_s_at",0,0,0,1,1,1,1
